HD,Positivity Rate (C. acnes),Positivity Rate (TLR2)
2,99.7566909975669,
5,8.564386937769562,
423,17.399617590822178,37.0421974522293
4,89.470871191876,
405,69.71904266389178,64.77732793522267
402,33.583333333333336,49.961250322913976
401,,47.14896650035638
435,,78.3423667570009
409,,97.76688966362008
